model,RMSE_capped,MAE_capped,R2_capped,RMSE_raw_labels,MAE_raw_labels
Random Forest,18.195879469733498,13.182662283021072,0.799988335013698,18.70466271045636,13.782662283021073
Gradient Boosting,18.446878856260888,12.957833686795318,0.79443223518071,18.966954568042752,13.557833686795318
Ridge Regression,21.225642886769524,16.92964743966869,0.7278358436791573,21.849829245793394,17.52964743966869
